{"cameraMode":{"drawMode":0,"name":"Shaded","section":"Shading Mode"},"sceneLighting":true,"audioPlay":false,"sceneViewState":{"showFog":true,"showMaterialUpdate":false,"showSkybox":true,"showFlares":true,"showImageEffects":true,"showParticleSystems":true},"in2DMode":false,"pivot":{"x":20.47201156616211,"y":4.402273178100586,"z":40.84980010986328},"rotation":{"x":-0.1229957789182663,"y":-0.005361581686884165,"z":0.0006645878311246634,"w":-0.9923937320709229},"size":77.43718719482422,"orthographic":false}