{"cameraMode":{"drawMode":0,"name":"Shaded","section":"Shading Mode"},"sceneLighting":true,"audioPlay":false,"sceneViewState":{"showFog":true,"showMaterialUpdate":false,"showSkybox":true,"showFlares":true,"showImageEffects":true,"showParticleSystems":true},"in2DMode":false,"pivot":{"x":9.767959594726563,"y":13.191689491271973,"z":34.02330780029297},"rotation":{"x":0.03475162014365196,"y":0.05425107106566429,"z":-0.0018905977485701442,"w":0.9979321956634522},"size":75.79561614990235,"orthographic":false}